name,shoots,height_cm,weight_kg
A.C. Green,Right,205.74,99.88
A.J. Bramlett,Right,208.28,103.058
A.J. Guyton,Right,185.42,81.72
A.J. Price,Right,187.96,82.174
Aaron Brooks,Right,182.88,73.094
Aaron Gordon,Right,205.74,99.88
Aaron Gray,Right,213.36,122.58
Aaron McKie,Right,195.58,94.886
Aaron Miles,Right,185.42,79.45
Aaron Williams,Left,205.74,99.88
Acie Law,Right,190.5,88.53
Adam Harrington,Right,195.58,90.8
Adam Keefe,Right,205.74,104.42
Adam Morrison,Right,203.2,93.07
Adonal Foyle,Right,208.28,113.5
Adonis Thomas,Right,200.66,90.8
Adreian Payne,Right,208.28,107.598
Adrian Griffin,Left,195.58,98.518
Al Harrington,Right,205.74,104.42
Al Horford,Right,208.28,111.23
Al Jefferson,Right,208.28,120.31
Al Thornton,Right,203.2,99.88
Al-Farouq Aminu,Right,205.74,97.61
Alan Anderson,Right,198.12,99.88
Alan Henderson,Right,205.74,106.69
Alando Tucker,Right,198.12,93.07
Alec Burks,Right,198.12,88.53
Aleksandar Radojevic,Right,220.98,113.5
Alex Acker,Right,195.58,83.99
Alex Garcia,Left,190.5,99.88
Alex Kirk,Right,213.36,111.23
Alex Len,Right,215.9,115.77
Alexander Johnson,Right,205.74,108.96
Alexey Shved,Right,198.12,86.26
Alexis Ajinca,Right,213.36,99.88
Allan Houston,Right,198.12,90.8
Allan Ray,Right,187.96,86.26
Allen Crabbe,Right,198.12,95.34
Allen Iverson,Right,182.88,74.91
Alonzo Gee,Right,198.12,99.88
Alonzo Mourning,Right,208.28,108.96
Alton Ford,Right,205.74,124.85
Alvin Jones,Right,210.82,120.31
Alvin Williams,Right,195.58,83.99
Amal McCaskill,Right,210.82,106.69
Amar'e Stoudemire,Right,208.28,111.23
Amir Johnson,Right,205.74,95.34
Anderson Varejao,Right,208.28,104.42
Andrae Patterson,Right,205.74,108.052
Andray Blatche,Right,210.82,106.69
Andre Barrett,Right,177.8,78.088
Andre Brown,Right,205.74,111.23
Andre Dawkins,Right,195.58,97.61
Andre Drummond,Right,208.28,122.58
Andre Emmett,Right,195.58,104.42
Andre Iguodala,Right,198.12,93.978
Andre Miller,Right,187.96,90.8
Andre Owens,Right,193.04,90.8
Andre Roberson,Right,200.66,95.34
Andrea Bargnani,Right,213.36,102.15
Andreas Glyniadakis,Right,215.9,127.12
Andrei Kirilenko,Right,205.74,99.88
Andres Nocioni,Right,200.66,102.15
Andrew Bogut,Right,213.36,111.23
Andrew Bynum,Right,213.36,129.39
Andrew DeClercq,Right,208.28,104.42
Andrew Goudelock,Right,190.5,90.8
Andrew Lang,Right,210.82,111.23
Andrew Nicholson,Right,205.74,113.5
Andrew Wiggins,Right,203.2,90.346
Andris Biedrins,Left,210.82,108.96
Andy Panko,Right,205.74,100.788
Andy Rautins,Right,193.04,86.26
Anfernee Hardaway,Right,200.66,88.53
Ansu Sesay,Left,205.74,102.15
Antawn Jamison,Right,203.2,101.242
Anthony Avent,Right,205.74,106.69
Anthony Bennett,Right,203.2,108.96
Anthony Brown,Right,200.66,95.34
Anthony Carter,Right,185.42,86.26
Anthony Davis,Right,208.28,99.88
Anthony Goldwire,Right,185.42,82.628
Anthony Grundy,Right,190.5,81.72
Anthony Johnson,Right,190.5,86.26
Anthony Mason,Left,200.66,113.5
Anthony Miller,Right,205.74,102.15
Anthony Morrow,Right,195.58,95.34
Anthony Parker,Right,198.12,97.61
Anthony Peeler,Left,193.04,94.432
Anthony Randolph,Left,208.28,93.07
Anthony Roberson,Right,187.96,81.72
Anthony Tolliver,Right,203.2,108.96
Antoine Carr,Right,205.74,102.15
Antoine Rigaudeau,Right,200.66,95.34
Antoine Walker,Right,203.2,101.696
Antoine Wright,Right,200.66,95.34
Antonio Anderson,Right,198.12,97.61
Antonio Burks,Right,185.42,90.8
Antonio Daniels,Right,193.04,88.53
Antonio Davis,Right,205.74,97.61
Antonio Harvey,Right,210.82,102.15
Antonio Lang,Right,203.2,93.07
Antonio McDyess,Right,205.74,99.88
Antonis Fotsis,Right,208.28,99.426
Archie Goodwin,Right,195.58,89.892
Arinze Onuaku,Right,205.74,124.85
Armen Gilliam,Right,205.74,104.42
Armon Johnson,Left,190.5,88.53
Arnett Moultrie,Right,210.82,113.046
Aron Baynes,Right,208.28,118.04
Arron Afflalo,Right,195.58,97.61
Art Long,Right,205.74,113.5
Arvydas Macijauskas,Right,193.04,97.156
Arvydas Sabonis,Right,220.98,126.666
Austin Croshere,Right,205.74,106.69
Austin Daye,Right,210.82,90.8
Austin Rivers,Right,193.04,90.8
Avery Bradley,Right,187.96,81.72
Avery Johnson,Left,177.8,79.45
Awvee Storey,Right,198.12,100.788
B.J. Armstrong,Right,187.96,79.45
Baron Davis,Right,190.5,94.886
Ben Davis,Right,205.74,108.96
Ben Gordon,Right,190.5,90.8
Ben Handlogten,Right,208.28,108.96
Ben Hansbrough,Right,190.5,92.162
Ben McLemore,Right,195.58,88.53
Ben Uzoh,Right,190.5,93.07
Ben Wallace,Right,205.74,108.96
Beno Udrih,Left,190.5,93.07
Benoit Benjamin,Right,213.36,113.5
Bernard James,Left,208.28,108.96
Bernard Robinson,Left,198.12,95.34
Bill Curley,Right,205.74,99.88
Bill Wennington,Right,213.36,111.23
Billy Owens,Right,203.2,99.88
Billy Thomas,Right,193.04,94.432
Bimbo Coles,Right,185.42,81.72
Bismack Biyombo,Right,205.74,103.966
Blake Ahearn,Right,187.96,86.26
Blake Griffin,Right,208.28,113.954
Bo Outlaw,Right,203.2,95.34
Bob Sura,Right,195.58,90.8
Boban Marjanovic,Right,220.98,131.66
Bobby Brown,Right,187.96,79.45
Bobby Jackson,Right,185.42,83.99
Bobby Jones,Right,200.66,97.61
Bobby Jones,Right,200.66,97.61
Bobby Phills,Right,195.58,95.34
Bobby Portis,Right,210.82,104.42
Bobby Simmons,Right,200.66,95.34
Bojan Bogdanovic,Right,203.2,98.064
Boniface N'Dong,Right,213.36,89.892
Bonzi Wells,Right,195.58,95.34
Boris Diaw,Right,203.2,97.61
Bostjan Nachbar,Right,205.74,100.334
Bracey Wright,Right,190.5,95.34
Brad Miller,Right,210.82,110.776
Bradley Beal,Right,195.58,93.978
Brandan Wright,Left,205.74,93.07
Brandin Knight,Right,182.88,81.72
Brandon Armstrong,Left,195.58,85.352
Brandon Bass,Right,203.2,108.96
Brandon Davies,Right,208.28,108.96
Brandon Hunter,Right,200.66,118.04
Brandon Jennings,Left,185.42,76.726
Brandon Knight,Right,190.5,85.806
Brandon Roy,Right,198.12,97.61
Brandon Rush,Right,198.12,95.34
Brandon Williams,Right,198.12,97.61
Brendan Haywood,Right,213.36,121.672
Brent Barry,Right,198.12,83.99
Brent Price,Right,185.42,74.91
Brevin Knight,Right,177.8,78.542
Brian Cardinal,Right,203.2,111.23
Brian Cook,Right,205.74,106.236
Brian Grant,Right,205.74,115.316
Brian Roberts,Right,185.42,81.72
Brian Scalabrine,Right,205.74,109.414
Brian Shaw,Right,198.12,86.26
Brian Skinner,Right,205.74,115.77
Britton Johnsen,Right,208.28,95.34
Brook Lopez,Right,213.36,118.04
Bruce Bowen,Right,200.66,83.99
Bruno Caboclo,Right,205.74,93.07
Bruno Sundov,Right,218.44,99.88
Bryant Reeves,Right,213.36,124.85
Bryant Stith,Right,195.58,94.432
Bryce Cotton,Right,185.42,74.91
Bryce Drew,Right,187.96,83.99
Bryon Russell,Right,200.66,102.15
Byron Mullens,Right,213.36,124.85
C.J. Miles,Left,198.12,95.34
C.J. Watson,Right,187.96,81.72
C.J. Wilcox,Right,195.58,88.53
Cal Bowdler,Right,208.28,111.23
Calbert Cheaney,Left,200.66,94.886
Calvin Booth,Left,210.82,104.42
Cameron Bairstow,Right,205.74,113.5
Cameron Payne,Left,190.5,83.99
Carl Landry,Right,205.74,112.592
Carldell Johnson,Right,177.8,81.72
Carlos Arroyo,Right,187.96,91.708
Carlos Boozer,Right,205.74,117.132
Carlos Delfino,Right,198.12,104.42
Carlos Rogers,Right,210.82,99.88
Carmelo Anthony,Right,203.2,104.42
Caron Butler,Right,200.66,98.518
Carrick Felix,Right,198.12,91.254
Cartier Martin,Right,200.66,99.88
Casey Jacobsen,Right,198.12,97.61
Casper Ware,Right,177.8,79.45
Cedric Bozeman,Right,198.12,93.978
Cedric Ceballos,Right,198.12,86.26
Cedric Henderson,Right,200.66,97.61
Cedric Henderson,Right,200.66,97.61
Cedric Jackson,Right,190.5,86.714
Cedric Simmons,Right,205.74,106.69
Cezary Trybanski,Right,218.44,108.96
Chandler Parsons,Right,205.74,90.8
Channing Frye,Right,210.82,112.592
Charles Barkley,Right,198.12,114.408
Charles Jenkins,Right,190.5,99.88
Charles Jones,Right,190.5,81.72
Charles Jones,Right,190.5,81.72
Charles Jones,Right,190.5,81.72
Charles Oakley,Right,203.2,102.15
Charles Smith,Right,193.04,88.076
Charles Smith,Right,193.04,88.076
Charles Smith,Right,193.04,88.076
Charlie Bell,Right,190.5,90.8
Charlie Villanueva,Right,210.82,108.96
Charlie Ward,Right,187.96,86.26
Chase Budinger,Right,200.66,98.972
Chauncey Billups,Right,190.5,91.708
Cheikh Samb,Right,215.9,111.23
Cherokee Parks,Right,210.82,106.69
Chris Andersen,Right,208.28,104.42
Chris Anstey,Right,213.36,113.046
Chris Babb,Right,195.58,102.15
Chris Bosh,Left,210.82,106.69
Chris Carr,Right,195.58,93.978
Chris Childs,Right,190.5,88.53
Chris Copeland,Right,205.74,106.69
Chris Crawford,Right,205.74,106.69
Chris Douglas-Roberts,Right,200.66,90.8
Chris Dudley,Right,210.82,106.69
Chris Duhon,Right,185.42,83.99
Chris Garner,Right,177.8,70.824
Chris Gatling,Left,208.28,99.88
Chris Herren,Right,187.96,89.438
Chris Hunter,Right,210.82,108.96
Chris Jefferies,Right,203.2,102.15
Chris Johnson,Right,210.82,95.34
Chris Johnson,Left,210.82,95.34
Chris Kaman,Right,213.36,121.672
Chris McCray,Right,195.58,87.168
Chris Mihm,Right,213.36,120.31
Chris Mills,Right,198.12,97.61
Chris Mullin,Left,198.12,90.8
Chris Owens,Right,200.66,111.23
Chris Paul,Right,182.88,79.45
Chris Porter,Right,200.66,98.972
Chris Quinn,Right,187.96,83.99
Chris Richard,Right,205.74,122.58
Chris Singleton,Right,203.2,104.42
Chris Smith,Right,187.96,90.8
Chris Smith,Right,187.96,90.8
Chris Taft,Right,208.28,118.04
Chris Webber,Right,205.74,111.23
Chris Whitney,Right,182.88,76.272
Chris Wilcox,Right,208.28,100.334
Chris Wright,Right,203.2,102.604
Chris Wright,Right,203.2,102.604
Christian Eyenga,Right,195.58,95.34
Christian Laettner,Right,210.82,106.69
Christian Wood,Right,210.82,99.88
Chuck Hayes,Right,198.12,108.96
Chuck Person,Right,203.2,99.88
Chucky Atkins,Right,180.34,72.64
Chucky Brown,Right,200.66,97.156
Clarence Weatherspoon,Right,198.12,108.96
Cleanthony Early,Right,203.2,95.34
Clifford Robinson,Right,208.28,102.15
Clint Capela,Right,208.28,108.96
Coby Karl,Right,195.58,97.61
Cody Zeller,Right,213.36,108.96
Cole Aldrich,Right,210.82,111.23
Corey Benjamin,Right,198.12,90.8
Corey Brewer,Right,205.74,83.99
Corey Maggette,Right,198.12,98.972
Corie Blount,Right,205.74,108.96
Corliss Williamson,Right,200.66,111.23
Corsley Edwards,Right,205.74,124.85
Cory Alexander,Right,185.42,83.99
Cory Higgins,Right,195.58,81.72
Cory Jefferson,Right,205.74,98.972
Cory Joseph,Right,190.5,83.99
Courtney Alexander,Right,195.58,93.07
Courtney Fortson,Left,180.34,83.99
Courtney Lee,Right,195.58,90.8
Courtney Sims,Right,208.28,111.23
Craig Brackins,Right,208.28,104.42
Craig Smith,Right,200.66,113.5
Cristiano Felicio,Right,208.28,124.85
Curtis Borchardt,Right,213.36,108.96
Cuttino Mobley,Left,193.04,86.26
D'Angelo Russell,Left,195.58,88.53
D.J. Augustin,Right,182.88,81.72
D.J. Kennedy,Left,198.12,97.61
D.J. Stephens,Right,195.58,85.352
D.J. Strawberry,Right,195.58,91.254
D.J. White,Right,205.74,113.954
Daequan Cook,Right,195.58,93.07
Dahntay Jones,Right,198.12,95.34
DaJuan Summers,Right,203.2,108.96
Dajuan Wagner,Right,187.96,90.8
Dale Davis,Right,210.82,104.42
Dale Ellis,Right,200.66,93.07
Dalibor Bagaric,Right,215.9,115.77
Damian Lillard,Right,190.5,88.53
Damien Inglis,Right,203.2,111.684
Damien Wilkins,Right,198.12,102.15
Damion James,Right,200.66,102.15
Damir Markota,Right,208.28,102.15
Damjan Rudez,Right,208.28,103.512
Damon Jones,Right,190.5,83.99
Damon Stoudamire,Left,177.8,77.634
Damone Brown,Right,205.74,90.8
Dan Dickau,Right,182.88,86.26
Dan Gadzuric,Right,210.82,108.96
Dan Langhi,Right,210.82,99.88
Dan Majerle,Right,198.12,97.61
Dan McClintock,Right,213.36,122.58
Dana Barros,Right,180.34,74.002
Daniel Ewing,Right,190.5,83.99
Daniel Gibson,Right,187.96,86.26
Daniel Orton,Right,208.28,115.77
Daniel Santiago,Right,215.9,116.224
Danilo Gallinari,Right,208.28,102.15
Danny Ferry,Right,208.28,104.42
Danny Fortson,Right,200.66,118.04
Danny Granger,Right,205.74,100.788
Danny Green,Right,198.12,95.34
Danny Manning,Right,208.28,104.42
Dante Cunningham,Right,203.2,104.42
Dante Exum,Right,198.12,86.26
Darington Hobson,Left,200.66,95.34
Darius Johnson-Odom,Left,187.96,97.61
Darius Miles,Right,205.74,95.34
Darius Miller,Right,203.2,106.69
Darius Morris,Right,193.04,86.26
Darius Songaila,Right,205.74,112.592
Darius Washington,Right,187.96,88.53
Darko Milicic,Left,213.36,113.5
Darnell Jackson,Right,205.74,114.862
Darrell Armstrong,Right,182.88,77.18
Darrell Arthur,Right,205.74,102.15
Darren Collison,Right,182.88,72.64
Darrick Martin,Left,180.34,77.18
Darryl Watkins,Right,210.82,117.132
Darvin Ham,Right,200.66,99.88
David Andersen,Right,210.82,111.23
David Benoit,Right,203.2,99.88
David Harrison,Right,213.36,127.12
David Lee,Right,205.74,113.046
David Lee,Left,205.74,113.046
David Noel,Right,198.12,104.42
David Robinson,Left,215.9,106.69
David Stockton,Right,180.34,74.91
David Vanterpool,Right,195.58,90.8
David Wear,Right,208.28,104.42
David Wesley,Right,182.88,86.26
David West,Right,205.74,108.96
David Wingate,Right,195.58,83.99
Dean Garrett,Right,208.28,102.15
Dean Oliver,Left,180.34,81.72
DeAndre Jordan,Left,210.82,113.5
DeAndre Liggins,Right,198.12,94.886
Dedric Willoughby,Right,190.5,81.72
Dee Brown,Right,185.42,72.64
Dee Brown,Right,185.42,72.64
DeJuan Blair,Right,200.66,120.31
Dell Curry,Right,193.04,86.26
Delon Wright,Right,195.58,86.26
Delonte West,Left,193.04,81.72
DeMar DeRozan,Right,200.66,99.88
DeMarco Johnson,Right,205.74,111.23
DeMarcus Cousins,Right,210.82,122.58
DeMarcus Nelson,Right,193.04,90.8
DeMarre Carroll,Right,203.2,96.248
Demetris Nichols,Right,203.2,98.064
Deng Gai,Right,205.74,113.5
Dennis Horner,Right,205.74,104.42
Dennis Rodman,Right,200.66,95.34
Dennis Schroder,Right,185.42,76.272
Dennis Scott,Right,203.2,103.966
DeQuan Jones,Right,203.2,100.334
Derek Anderson,Right,195.58,88.076
Derek Fisher,Left,185.42,90.8
Derek Hood,Right,203.2,100.788
Derek Strong,Right,203.2,99.88
DerMarr Johnson,Right,205.74,91.254
Deron Williams,Right,190.5,95.34
Derrick Brown,Left,200.66,102.15
Derrick Byars,Right,200.66,99.88
Derrick Caracter,Right,205.74,124.85
Derrick Coleman,Left,208.28,104.42
Derrick Dial,Right,193.04,83.536
Derrick Favors,Right,208.28,111.684
Derrick McKey,Right,205.74,93.07
Derrick Rose,Right,190.5,86.26
Derrick Williams,Right,203.2,109.414
Derrick Zimmerman,Right,190.5,88.53
DeSagana Diop,Right,213.36,136.2
DeShawn Stevenson,Right,195.58,95.34
Desmon Farmer,Left,195.58,99.88
Desmond Ferguson,Right,200.66,92.162
Desmond Mason,Right,200.66,101.696
Desmond Penigar,Right,200.66,111.23
Detlef Schrempf,Right,205.74,97.156
Devean George,Right,203.2,99.88
Devin Booker,Right,198.12,93.524
Devin Brown,Right,195.58,99.88
Devin Ebanks,Right,205.74,97.61
Devin Gray,Left,200.66,108.96
Devin Green,Right,200.66,95.34
Devin Harris,Right,190.5,83.99
Devyn Marble,Right,198.12,90.8
Dewayne Dedmon,Right,213.36,115.77
Dexter Pittman,Right,210.82,139.832
Diante Garrett,Right,193.04,86.26
Dickey Simpkins,Right,205.74,112.592
Dijon Thompson,Right,200.66,88.53
Dikembe Mutombo,Right,218.44,111.23
Dion Glover,Right,195.58,103.512
Dion Waiters,Right,193.04,95.34
Dionte Christmas,Right,195.58,93.07
Dirk Nowitzki,Right,213.36,107.598
Dominic McGuire,Right,205.74,99.88
Dominique Jones,Right,193.04,97.61
Don MacLean,Right,208.28,106.69
Don Reid,Right,203.2,113.5
Donald Sloan,Right,190.5,93.07
Donatas Motiejunas,Left,213.36,100.788
Donell Taylor,Right,198.12,81.72
Donnell Harvey,Left,203.2,99.88
Donny Marshall,Right,200.66,104.42
Donta Smith,Right,200.66,97.61
Donte Greene,Right,210.82,102.604
Dontell Jefferson,Right,195.58,88.53
Donyell Marshall,Right,205.74,98.972
Dorell Wright,Right,200.66,90.8
Doron Lamb,Right,193.04,95.34
Doug Christie,Right,198.12,90.8
Doug McDermott,Right,203.2,102.15
Doug Overton,Right,190.5,86.26
Doug West,Right,198.12,90.8
Dragan Tarlac,Right,208.28,118.04
Draymond Green,Right,200.66,104.42
Drew Barry,Right,195.58,86.714
Drew Gooden,Right,208.28,104.42
Drew Gordon,Right,205.74,111.23
Duane Causwell,Right,213.36,108.96
Dwayne Jones,Right,210.82,113.5
Dwight Buycks,Right,190.5,86.26
Dwight Howard,Right,210.82,108.96
Dwight Powell,Right,210.82,108.96
Dwyane Wade,Right,193.04,96.248
E'Twaun Moore,Right,193.04,86.714
Earl Barron,Right,213.36,111.23
Earl Boykins,Right,165.1,61.29
Earl Clark,Right,208.28,102.15
Earl Watson,Right,185.42,88.53
Ed Davis,Left,208.28,102.15
Eddie Basden,Right,195.58,97.61
Eddie Gill,Right,182.88,86.26
Eddie Griffin,Right,208.28,99.88
Eddie House,Right,185.42,81.72
Eddie Jones,Right,198.12,86.26
Eddie Robinson,Right,203.2,95.34
Eddy Curry,Right,213.36,133.93
Eduardo Najera,Right,203.2,108.96
Edwin Ubiles,Right,198.12,92.616
Efthimi Rentzias,Right,210.82,113.5
Ekpe Udoh,Right,208.28,108.96
Elden Campbell,Right,210.82,97.61
Eldridge Recasner,Right,190.5,86.26
Elfrid Payton,Right,193.04,83.99
Elias Harris,Right,203.2,108.506
Elijah Millsap,Right,198.12,102.15
Elliot Perry,Left,182.88,68.1
Elliot Williams,Left,195.58,81.72
Elton Brand,Right,203.2,124.85
Emanual Davis,Right,193.04,88.53
Emeka Okafor,Right,208.28,114.408
Emmanuel Mudiay,Right,195.58,90.8
Enes Kanter,Right,210.82,118.948
Eric Bledsoe,Right,185.42,86.26
Eric Dawson,Right,205.74,113.5
Eric Gordon,Right,193.04,97.61
Eric Maynor,Right,190.5,79.45
Eric Montross,Right,213.36,122.58
Eric Moreland,Right,208.28,108.052
Eric Murdock,Right,185.42,86.26
Eric Piatkowski,Right,200.66,97.61
Eric Snow,Right,190.5,86.26
Eric Williams,Right,203.2,99.88
Erick Barkley,Right,185.42,80.358
Erick Dampier,Right,210.82,120.31
Erick Green,Right,193.04,83.99
Erick Strickland,Left,190.5,95.34
Erik Daniels,Left,203.2,97.156
Erik Murphy,Right,208.28,104.42
Ernest Brown,Right,213.36,110.776
Ersan Ilyasova,Right,205.74,106.69
Ervin Johnson,Right,210.82,111.23
Esteban Batista,Left,208.28,122.58
Etan Thomas,Right,205.74,116.224
Etdrick Bohannon,Right,205.74,99.88
Eugene Jeter,Right,180.34,79.45
Evan Eschmeyer,Right,210.82,115.77
Evan Fournier,Right,200.66,93.07
Evan Turner,Right,200.66,93.07
Fab Melo,Right,213.36,115.77
Fabricio Oberto,Right,208.28,111.23
Felipe Lopez,Right,195.58,90.346
Felton Spencer,Right,213.36,120.31
Festus Ezeli,Right,210.82,115.77
Francisco Elson,Right,213.36,106.69
Francisco Garcia,Right,200.66,88.53
Frank Kaminsky,Right,213.36,109.868
Frank Williams,Right,190.5,96.248
Fred Hoiberg,Right,193.04,92.162
Fred Jones,Right,193.04,95.34
Fred Vinson,Right,193.04,86.26
Furkan Aldemir,Right,208.28,108.96
Gabe Pruitt,Right,193.04,77.18
Gal Mekel,Right,190.5,86.714
Gani Lawal,Right,205.74,106.236
Garret Siler,Right,210.82,138.47
Garrett Temple,Right,198.12,86.26
Garth Joseph,Right,218.44,143.01
Gary Forbes,Right,200.66,99.88
Gary Grant,Right,190.5,83.99
Gary Harris,Right,193.04,95.34
Gary Neal,Right,193.04,95.34
Gary Payton,Right,193.04,81.72
Gary Trent,Right,203.2,113.5
Geno Carlisle,Right,190.5,81.72
George Hill,Right,187.96,81.72
George Lynch,Right,203.2,98.972
George McCloud,Right,198.12,93.07
Gerald Fitch,Right,190.5,85.352
Gerald Green,Right,203.2,90.8
Gerald Henderson,Right,195.58,97.61
Gerald Henderson,Right,195.58,97.61
Gerald Wallace,Right,200.66,97.61
Gerard King,Right,205.74,104.42
Gheorghe Muresan,Right,231.14,137.562
Giannis Antetokounmpo,Right,210.82,98.518
Gilbert Arenas,Right,190.5,86.714
Glen Davis,Right,205.74,131.206
Glen Rice,Right,200.66,97.61
Glenn Robinson,Right,200.66,102.15
Glenn Robinson III,Right,200.66,100.788
Goran Dragic,Left,190.5,86.26
Gordan Giricek,Right,198.12,95.34
Gordon Hayward,Right,203.2,93.978
Gorgui Dieng,Right,210.82,111.23
Grant Hill,Right,203.2,102.15
Grant Jerrett,Right,208.28,106.69
Grant Long,Right,203.2,102.15
Greg Anthony,Left,182.88,79.904
Greg Buckner,Right,193.04,95.34
Greg Foster,Right,210.82,108.96
Greg Monroe,Left,210.82,114.862
Greg Oden,Right,213.36,113.5
Greg Ostertag,Right,218.44,127.12
Greg Smith,Right,208.28,113.5
Greg Smith,Right,208.28,113.5
Greg Stiemsma,Right,210.82,118.04
Greivis Vasquez,Right,198.12,90.8
Guillermo Diaz,Right,187.96,87.168
Gustavo Ayon,Right,208.28,113.5
Guy Rucker,Right,210.82,120.31
Ha Seung-Jin,Right,220.98,138.47
Hakeem Olajuwon,Right,213.36,115.77
Hakim Warrick,Right,205.74,99.426
Hamady N'Diaye,Right,213.36,106.69
Hamed Haddadi,Right,218.44,115.316
Hanno Mottola,Right,210.82,112.138
Harold Jamison,Right,203.2,118.04
Harrison Barnes,Right,203.2,95.34
Hasheem Thabeet,Right,220.98,119.402
Hassan Adams,Right,193.04,99.88
Hassan Whiteside,Right,213.36,106.69
Haywoode Workman,Right,187.96,81.72
Hedo Turkoglu,Right,208.28,99.88
Henry Sims,Right,208.28,111.23
Henry Walker,Right,198.12,99.88
Hersey Hawkins,Right,190.5,86.26
Hilton Armstrong,Right,210.82,106.69
Hiram Fuller,Right,205.74,108.96
Hollis Thompson,Right,203.2,93.524
Horace Grant,Right,208.28,97.61
Horace Jenkins,Right,185.42,81.72
Howard Eisley,Right,187.96,80.358
Hubert Davis,Right,195.58,83.082
Ian Clark,Right,190.5,79.45
Ian Mahinmi,Right,210.82,104.42
Ibo Kutluay,Right,198.12,90.8
Igor Rakocevic,Right,190.5,83.082
Ike Diogu,Right,203.2,113.5
Iman Shumpert,Right,195.58,96.248
Ime Udoka,Right,198.12,97.61
Ira Bowman,Right,195.58,88.53
Ira Newble,Right,200.66,99.88
Isaac Austin,Right,208.28,115.77
Isaac Fontaine,Right,193.04,95.34
Isaiah Canaan,Right,182.88,85.352
Isaiah Rider,Right,195.58,97.61
Isaiah Thomas,Left,175.26,83.99
Ish Smith,Right,182.88,79.45
Ivan Johnson,Right,203.2,104.42
Ivan McFarlin,Right,203.2,108.96
J.J. Barea,Right,182.88,83.99
J.J. Hickson,Right,205.74,109.868
J.J. Redick,Right,193.04,86.26
J.R. Bremer,Left,187.96,83.99
J.R. Giddens,Right,195.58,97.61
J.R. Reid,Right,205.74,112.138
J.R. Smith,Right,198.12,99.88
Jabari Brown,Right,193.04,97.61
Jabari Parker,Right,203.2,113.5
Jabari Smith,Right,210.82,113.5
Jack Cooley,Right,205.74,118.04
Jackie Butler,Right,208.28,113.5
Jackson Vroman,Right,208.28,99.88
Jacque Vaughn,Right,185.42,86.26
Jae Crowder,Right,200.66,108.96
Jahidi White,Right,205.74,131.66
Jahlil Okafor,Right,210.82,124.85
JaJuan Johnson,Right,208.28,100.334
JaKarr Sampson,Right,205.74,97.156
Jake Tsakalidis,Right,218.44,129.39
Jake Voskuhl,Right,210.82,111.23
Jalen Rose,Left,203.2,95.34
Jamaal Franklin,Right,195.58,86.714
Jamaal Magloire,Right,210.82,117.586
Jamaal Tinsley,Right,190.5,88.53
Jamal Crawford,Right,195.58,90.8
Jamal Mashburn,Right,203.2,108.96
Jamal Robinson,Right,200.66,96.248
Jamal Sampson,Right,210.82,106.69
Jamario Moon,Right,203.2,93.07
Jameer Nelson,Right,182.88,86.26
Jamel Thomas,Right,198.12,97.61
James Anderson,Right,198.12,97.61
James Augustine,Left,208.28,106.69
James Ennis,Right,200.66,95.34
James Harden,Left,195.58,99.88
James Johnson,Right,205.74,111.23
James Jones,Right,203.2,102.15
James Lang,Right,208.28,129.39
James Michael McAdoo,Right,205.74,104.42
James Nunnally,Right,200.66,93.07
James Posey,Right,203.2,97.61
James Robinson,Right,187.96,81.72
James Singleton,Right,203.2,98.064
James Southerland,Right,203.2,97.61
James Thomas,Right,203.2,106.69
James White,Right,200.66,90.8
James Young,Left,198.12,97.61
Jamie Feick,Right,205.74,115.77
Jamison Brewer,Right,193.04,83.536
JaMychal Green,Right,205.74,103.058
Jan Vesely,Right,210.82,108.96
Jannero Pargo,Right,185.42,79.45
Jared Cunningham,Right,193.04,88.076
Jared Dudley,Right,200.66,102.15
Jared Jeffries,Right,210.82,104.42
Jared Reiner,Right,210.82,115.77
Jared Sullinger,Right,205.74,127.12
Jaren Jackson,Right,193.04,86.26
Jarnell Stokes,Right,205.74,119.402
Jarrett Jack,Right,190.5,91.708
Jarron Collins,Right,210.82,115.77
Jarvis Hayes,Right,200.66,99.88
Jarvis Varnado,Right,205.74,104.42
Jason Caffey,Right,203.2,115.77
Jason Collier,Left,213.36,118.04
Jason Collins,Right,213.36,115.77
Jason Hart,Right,190.5,83.99
Jason Kapono,Right,203.2,96.702
Jason Kidd,Right,193.04,93.07
Jason Maxiell,Right,200.66,118.04
Jason Miskiri,Right,187.96,79.45
Jason Richardson,Right,198.12,99.88
Jason Smith,Right,213.36,108.96
Jason Terry,Right,187.96,79.904
Jason Thompson,Right,210.82,113.5
Jason Williams,Right,185.42,86.26
JaVale McGee,Right,213.36,107.598
Javaris Crittenton,Right,195.58,90.8
Jawad Williams,Right,205.74,98.972
Jay Williams,Right,187.96,88.53
Jeff Adrien,Right,200.66,110.322
Jeff Ayres,Right,205.74,108.96
Jeff Foote,Right,213.36,120.31
Jeff Foster,Right,210.82,107.144
Jeff Green,Right,205.74,106.69
Jeff Hornacek,Right,190.5,86.26
Jeff McInnis,Right,193.04,86.26
Jeff Teague,Right,187.96,81.72
Jeff Trepagnier,Left,193.04,90.8
Jeff Withey,Right,213.36,106.69
Jelani McCoy,Right,208.28,111.23
Jerami Grant,Right,203.2,95.34
Jerel McNeal,Right,190.5,90.8
Jeremy Evans,Right,205.74,88.984
Jeremy Lamb,Right,195.58,81.72
Jeremy Lin,Right,190.5,90.8
Jeremy Pargo,Right,187.96,99.426
Jeremy Richardson,Right,198.12,83.99
Jeremy Tyler,Right,208.28,118.04
Jerian Grant,Right,193.04,88.53
Jermaine Jackson,Right,193.04,92.616
Jermaine O'Neal,Right,210.82,102.604
Jermaine Taylor,Right,193.04,95.34
Jermareo Davidson,Right,208.28,104.42
Jerome Beasley,Right,208.28,107.598
Jerome Dyson,Right,190.5,81.72
Jerome James,Right,213.36,136.2
Jerome Jordan,Right,213.36,114.862
Jerome Kersey,Right,200.66,97.61
Jerome Moiso,Left,208.28,106.69
Jerome Williams,Right,205.74,93.524
Jerrelle Benimon,Right,203.2,111.23
Jerry Smith,Right,187.96,86.26
Jerry Stackhouse,Right,198.12,98.972
Jerryd Bayless,Right,190.5,90.8
Jeryl Sasser,Right,198.12,90.8
Jim Jackson,Right,198.12,99.88
Jim McIlvaine,Right,215.9,108.96
Jimmer Fredette,Right,187.96,88.53
Jimmy Butler,Right,200.66,99.88
Jiri Welsch,Right,200.66,94.432
Joakim Noah,Right,210.82,105.328
Jodie Meeks,Right,193.04,94.432
Joe Alexander,Right,203.2,104.42
Joe Crawford,Right,195.58,95.34
Joe Crispin,Right,182.88,83.99
Joe Harris,Right,198.12,99.426
Joe Ingles,Left,203.2,102.604
Joe Johnson,Right,200.66,108.96
Joe Kleine,Right,210.82,115.77
Joe Smith,Right,208.28,102.15
Joe Stephens,Right,200.66,95.34
Joel Anthony,Left,205.74,111.23
Joel Freeland,Right,208.28,113.5
Joel Przybilla,Right,215.9,115.77
Joey Dorsey,Right,203.2,121.672
Joey Graham,Right,200.66,102.15
Joffrey Lauvergne,Right,210.82,99.88
Johan Petro,Right,213.36,112.138
John Amaechi,Right,208.28,122.58
John Celestand,Right,193.04,80.812
John Coker,Right,213.36,114.862
John Crotty,Left,185.42,83.99
John Edwards,Right,213.36,124.85
John Henson,Right,210.82,99.88
John Jenkins,Right,193.04,97.61
John Lucas,Left,180.34,74.91
John Lucas III,Right,180.34,74.91
John Salley,Right,210.82,104.42
John Salmons,Right,200.66,95.34
John Starks,Right,190.5,81.72
John Stockton,Right,185.42,77.18
John Thomas,Right,205.74,120.31
John Wall,Right,193.04,88.53
John Wallace,Right,203.2,102.15
Johnny Newman,Right,200.66,86.26
Johnny O'Bryant,Right,205.74,116.678
Johnny Taylor,Right,205.74,99.88
Jon Barry,Right,193.04,88.53
Jon Brockman,Right,200.66,115.77
Jon Leuer,Right,208.28,103.512
Jonas Jerebko,Right,208.28,104.874
Jonas Valanciunas,Right,210.82,104.874
Jonathan Bender,Right,210.82,91.708
Jonny Flynn,Right,182.88,83.99
Jordan Adams,Right,195.58,94.886
Jordan Clarkson,Right,195.58,83.99
Jordan Crawford,Right,193.04,88.53
Jordan Farmar,Right,187.96,81.72
Jordan Hamilton,Right,200.66,99.88
Jordan Hill,Right,208.28,106.69
Jordan Mickey,Right,203.2,106.69
Jordan Williams,Right,208.28,118.04
Jorge Garbajosa,Right,205.74,111.23
Jorge Gutierrez,Right,190.5,86.714
Jose Calderon,Right,190.5,95.34
Joseph Forte,Right,193.04,88.076
Josh Akognon,Right,180.34,83.99
Josh Boone,Right,208.28,107.598
Josh Childress,Right,203.2,95.34
Josh Davis,Right,203.2,106.69
Josh Harrellson,Right,208.28,124.85
Josh Howard,Right,200.66,95.34
Josh McRoberts,Left,208.28,108.96
Josh Powell,Right,205.74,102.15
Josh Richardson,Right,198.12,90.8
Josh Selby,Right,187.96,83.082
Josh Smith,Left,205.74,102.15
Jrue Holiday,Right,193.04,93.07
Juan Carlos Navarro,Right,190.5,77.18
Juan Dixon,Right,190.5,74.456
Juaquin Hawkins,Left,200.66,99.88
Jud Buechler,Right,198.12,99.88
Julian Wright,Right,203.2,102.15
Julius Hodge,Right,200.66,95.34
Julius Randle,Left,205.74,113.5
Julyan Stone,Right,198.12,90.8
Jumaine Jones,Right,203.2,98.972
Junior Harrington,Right,193.04,81.72
Justin Anderson,Left,198.12,103.512
Justin Dentmon,Right,180.34,83.99
Justin Hamilton,Right,213.36,118.04
Justin Harper,Right,208.28,102.15
Justin Holiday,Right,198.12,83.99
Justin Reed,Right,203.2,108.96
Justin Williams,Right,208.28,102.15
Justise Winslow,Left,200.66,102.15
Jusuf Nurkic,Right,213.36,127.12
Juwan Howard,Right,205.74,108.96
K.J. McDaniels,Right,198.12,93.07
Kalin Lucas,Right,185.42,88.53
Kaniel Dickens,Right,203.2,97.61
Kareem Rush,Left,198.12,97.61
Karl Malone,Right,205.74,113.5
Karl-Anthony Towns,Right,213.36,110.776
Kasib Powell,Right,200.66,97.61
Kawhi Leonard,Right,200.66,102.15
Kedrick Brown,Right,200.66,100.788
Keith Benson,Right,210.82,104.42
Keith Bogans,Right,195.58,97.61
Keith Closs,Left,220.98,96.248
Keith Langford,Left,193.04,97.61
Keith McLeod,Right,187.96,85.352
Keith Van Horn,Right,208.28,99.88
Kelenna Azubuike,Right,195.58,99.88
Kelly Olynyk,Right,213.36,108.052
Kelvin Cato,Right,210.82,115.77
Kemba Walker,Right,185.42,78.088
Ken Johnson,Right,210.82,108.96
Ken Johnson,Right,210.82,108.96
Kendall Gill,Right,195.58,88.53
Kendall Marshall,Left,193.04,88.53
Kendrick Perkins,Right,208.28,127.12
Kenneth Faried,Right,203.2,103.512
Kenny Anderson,Left,182.88,76.272
Kenny Satterfield,Right,187.96,84.444
Kenny Thomas,Right,200.66,118.494
Kent Bazemore,Left,195.58,91.254
Kentavious Caldwell-Pope,Right,195.58,93.07
Kenyon Martin,Right,205.74,106.236
Keon Clark,Left,210.82,99.88
Kerry Kittles,Right,195.58,81.266
Kevin Burleson,Right,190.5,93.07
Kevin Durant,Right,205.74,108.96
Kevin Edwards,Right,190.5,86.26
Kevin Garnett,Right,210.82,99.88
Kevin Johnson,Right,185.42,81.72
Kevin Jones,Right,203.2,113.954
Kevin Love,Right,208.28,118.04
Kevin Martin,Right,200.66,83.99
Kevin Murphy,Right,198.12,83.99
Kevin Ollie,Right,193.04,88.53
Kevin Seraphin,Right,205.74,119.856
Kevin Willis,Right,213.36,99.88
Kevinn Pinkney,Right,208.28,111.23
Keyon Dooling,Right,190.5,88.984
Khalid El-Amin,Right,177.8,90.8
Khalid Reeves,Right,190.5,90.346
Khris Middleton,Right,200.66,97.61
Kim English,Right,198.12,90.8
Kirk Haston,Right,205.74,109.868
Kirk Hinrich,Right,190.5,86.26
Kirk Penney,Right,195.58,99.88
Kirk Snyder,Right,198.12,102.15
Kiwane Garris,Right,187.96,83.082
Klay Thompson,Right,200.66,93.07
Kobe Bryant,Right,198.12,90.8
Kornel David,Right,205.74,106.69
Kosta Koufos,Right,213.36,120.31
Kosta Perovic,Right,218.44,108.96
Kostas Papanikolaou,Left,203.2,102.15
Kris Humphries,Right,205.74,106.69
Kris Joseph,Right,200.66,95.34
Kristaps Porzingis,Right,220.98,108.96
Kurt Thomas,Right,205.74,104.42
Kwame Brown,Right,210.82,122.58
Kyle Anderson,Right,205.74,104.42
Kyle Korver,Right,200.66,95.34
Kyle Lowry,Right,182.88,79.45
Kyle O'Quinn,Right,208.28,108.96
Kyle Singler,Right,203.2,104.42
Kyle Weaver,Right,198.12,91.254
Kyrie Irving,Right,190.5,87.622
Kyrylo Fesenko,Right,215.9,130.752
Lamar Odom,Left,208.28,99.88
Lamar Patterson,Right,195.58,102.15
LaMarcus Aldridge,Right,210.82,108.96
Lamond Murray,Right,200.66,107.144
Lance Allred,Right,210.82,113.5
Lance Stephenson,Right,195.58,95.34
Lance Thomas,Right,203.2,102.15
Landry Fields,Right,200.66,95.34
Langston Galloway,Right,187.96,90.8
LaPhonso Ellis,Right,203.2,108.96
Lari Ketner,Right,205.74,125.758
Laron Profit,Right,195.58,92.616
Larry Drew,Right,187.96,81.72
Larry Hughes,Right,195.58,83.536
Larry Johnson,Right,198.12,113.5
Larry Johnson,Right,198.12,113.5
Larry Nance Jr.,Right,205.74,104.42
Larry Owens,Right,200.66,95.34
Larry Robinson,Right,190.5,81.72
Larry Sanders,Right,210.82,106.69
Latrell Sprewell,Right,195.58,86.26
Lavor Postell,Right,195.58,97.61
Lavoy Allen,Right,205.74,102.15
Lawrence Funderburke,Left,205.74,104.42
Lawrence Roberts,Right,205.74,108.96
Lazar Hayward,Right,198.12,102.15
Lazaro Borrell,Right,203.2,99.88
Leandro Barbosa,Right,190.5,79.904
LeBron James,Right,203.2,108.96
Lee Nailon,Left,205.74,108.052
Leon Powe,Right,203.2,108.96
Leon Smith,Right,208.28,106.69
Lester Hudson,Right,190.5,86.26
Linas Kleiza,Right,203.2,111.23
Lindsey Hunter,Right,187.96,77.18
Linton Johnson,Right,203.2,93.07
Lionel Chalmers,Right,182.88,81.72
Lonny Baxter,Right,203.2,118.04
Loren Woods,Right,215.9,111.23
Lorenzen Wright,Right,210.82,102.15
Lorenzo Brown,Right,195.58,85.806
Lorenzo Williams,Right,205.74,90.8
Lou Amundson,Right,205.74,99.88
Lou Williams,Right,185.42,79.45
Loy Vaught,Right,205.74,104.42
Luc Longley,Right,218.44,120.31
Luc Mbah a Moute,Right,203.2,104.42
Lucas Nogueira,Right,213.36,99.88
Lucious Harris,Right,195.58,86.26
Luis Flores,Right,187.96,90.8
Luis Montero,Right,200.66,83.99
Luis Scola,Right,205.74,111.23
Luke Babbitt,Left,205.74,102.15
Luke Harangody,Right,203.2,111.684
Luke Jackson,Right,200.66,97.61
Luke Jackson,Left,200.66,97.61
Luke Ridnour,Right,187.96,79.45
Luke Schenscher,Right,215.9,115.77
Luke Walton,Right,203.2,106.69
Luke Zeller,Right,210.82,111.23
Luol Deng,Right,205.74,99.88
Luther Head,Right,190.5,83.99
Lynn Greer,Left,187.96,79.45
Maalik Wayns,Right,187.96,90.8
Maceo Baston,Right,205.74,97.61
Maciej Lampe,Right,210.82,124.85
Mahmoud Abdul-Rauf,Right,185.42,73.548
Malcolm Lee,Right,195.58,90.8
Malcolm Thomas,Right,205.74,102.15
Malik Allen,Right,208.28,115.77
Malik Hairston,Right,198.12,99.88
Malik Rose,Right,200.66,113.5
Malik Sealy,Right,203.2,86.26
Mamadou N'Diaye,Right,213.36,115.77
Manny Harris,Right,195.58,83.99
Manu Ginobili,Left,198.12,95.34
Marc Gasol,Right,215.9,120.31
Marc Jackson,Right,208.28,122.58
Marcelo Huertas,Right,190.5,83.99
Marcin Gortat,Right,210.82,108.96
Marco Belinelli,Right,195.58,87.168
Marcus Banks,Right,187.96,90.8
Marcus Brown,Right,190.5,83.99
Marcus Camby,Right,210.82,99.88
Marcus Cousin,Right,210.82,111.23
Marcus Fizer,Right,205.74,118.948
Marcus Haislip,Right,208.28,104.42
Marcus Landry,Right,200.66,104.42
Marcus Morris,Right,205.74,106.69
Marcus Smart,Right,193.04,99.88
Marcus Thornton,Right,193.04,93.07
Marcus Vinicius,Right,203.2,102.15
Marcus Williams,Left,190.5,93.07
Marcus Williams,Right,190.5,93.07
Mardy Collins,Right,198.12,99.88
Mario Bennett,Right,198.12,106.69
Mario Chalmers,Right,185.42,86.26
Mario Elie,Right,195.58,95.34
Mario Hezonja,Right,203.2,97.61
Mario Kasun,Right,215.9,118.04
Mario West,Right,195.58,95.34
Mark Blount,Right,213.36,104.42
Mark Bryant,Right,205.74,111.23
Mark Davis,Right,200.66,95.34
Mark Davis,Right,200.66,95.34
Mark Hendrickson,Left,205.74,99.88
Mark Jackson,Right,185.42,81.72
Mark Jones,Right,198.12,97.61
Mark Jones,Right,198.12,97.61
Mark Madsen,Right,205.74,108.96
Mark Pope,Right,208.28,106.69
Mark Strickland,Right,205.74,95.34
Mark West,Right,208.28,104.42
Markel Brown,Right,190.5,86.26
Markieff Morris,Right,208.28,111.23
Marko Jaric,Right,200.66,89.892
Marquis Daniels,Right,198.12,90.8
Marquis Teague,Right,187.96,85.806
Marreese Speights,Right,208.28,111.23
MarShon Brooks,Right,195.58,90.8
Martell Webster,Right,200.66,95.34
Marty Conlon,Right,208.28,101.696
Martynas Andriuskevicius,Right,218.44,108.96
Marvin Williams,Right,205.74,104.42
Mason Plumlee,Right,208.28,106.69
Mateen Cleaves,Right,187.96,93.07
Matt Barnes,Right,200.66,106.69
Matt Bonner,Right,208.28,108.96
Matt Bullard,Right,208.28,97.61
Matt Carroll,Right,198.12,96.248
Matt Freije,Right,208.28,108.96
Matt Geiger,Right,213.36,110.322
Matt Harpring,Right,200.66,104.874
Matt Maloney,Right,190.5,87.168
Matt Walsh,Right,198.12,93.07
Matthew Dellavedova,Right,193.04,90.8
Maurice Ager,Right,195.58,91.708
Maurice Baker,Right,185.42,79.45
Maurice Carter,Left,195.58,95.34
Maurice Evans,Right,195.58,99.88
Maurice Harkless,Right,203.2,94.432
Maurice Taylor,Right,205.74,118.04
Mehmet Okur,Right,210.82,113.046
Melvin Ely,Right,208.28,118.04
Melvin Sanders,Right,195.58,95.34
Mengke Bateer,Right,210.82,131.66
Metta World Peace,Right,198.12,110.776
Meyers Leonard,Right,215.9,111.23
Michael Beasley,Left,205.74,106.69
Michael Bradley,Right,208.28,111.23
Michael Cage,Left,205.74,101.696
Michael Carter-Williams,Right,198.12,83.99
Michael Curry,Right,195.58,95.34
Michael Dickerson,Right,195.58,86.26
Michael Doleac,Right,210.82,118.948
Michael Finley,Right,200.66,97.61
Michael Hawkins,Right,182.88,80.812
Michael Jordan,Right,198.12,88.53
Michael Kidd-Gilchrist,Right,200.66,105.328
Michael Olowokandi,Right,213.36,122.126
Michael Redd,Left,198.12,99.88
Michael Ruffin,Right,205.74,111.684
Michael Smith,Right,203.2,104.42
Michael Smith,Left,203.2,104.42
Michael Stewart,Right,208.28,104.42
Mickael Gelabale,Right,200.66,97.61
Mickael Pietrus,Right,198.12,97.61
Mickell Gladness,Right,210.82,99.88
Mike Batiste,Right,203.2,102.15
Mike Bibby,Right,185.42,86.26
Mike Conley,Left,185.42,81.72
Mike Dunleavy,Right,205.74,99.88
Mike Dunleavy,Right,205.74,99.88
Mike Hall,Right,203.2,104.42
Mike Harris,Right,198.12,108.96
Mike James,Right,187.96,85.352
Mike James,Right,187.96,85.352
Mike Miller,Right,203.2,98.972
Mike Muscala,Right,210.82,108.506
Mike Penberthy,Right,190.5,83.99
Mike Scott,Right,203.2,107.598
Mike Smith,Right,203.2,88.53
Mike Sweetney,Right,203.2,124.85
Mike Taylor,Right,187.96,74.91
Mike Wilks,Right,177.8,83.99
Mikki Moore,Right,210.82,102.15
Mile Ilic,Right,215.9,104.42
Miles Plumlee,Right,208.28,111.23
Milt Palacio,Right,190.5,88.53
Miroslav Raduljica,Right,213.36,113.5
Mirsad Turkcan,Right,205.74,107.144
Mirza Teletovic,Right,203.2,106.69
Mitch McGary,Left,208.28,115.77
Mitch Richmond,Right,195.58,97.61
Mitchell Butler,Right,195.58,95.34
Mo Williams,Right,185.42,83.99
Monta Ellis,Right,190.5,79.45
Montrezl Harrell,Right,203.2,108.96
Monty Williams,Right,203.2,102.15
Moochie Norris,Left,185.42,79.45
Mookie Blaylock,Right,182.88,81.72
Morris Almond,Right,198.12,102.15
Morris Peterson,Left,200.66,98.972
Mouhamed Sene,Right,210.82,104.42
Muggsy Bogues,Right,160.02,61.744
Mustafa Shakur,Right,190.5,86.26
Mychel Thompson,Right,198.12,95.794
Myles Turner,Right,210.82,110.322
Nando De Colo,Right,195.58,90.8
Nate Huffman,Right,215.9,111.23
Nate Robinson,Right,175.26,81.72
Nate Wolters,Right,193.04,86.26
Nathan Jawai,Right,208.28,127.12
Nazr Mohammed,Right,208.28,100.334
Ndudi Ebi,Right,205.74,90.8
Nemanja Bjelica,Right,208.28,108.96
Nemanja Nedovic,Right,190.5,87.168
Nenad Krstic,Right,213.36,108.96
Nerlens Noel,Right,210.82,103.512
Nick Anderson,Right,198.12,93.07
Nick Calathes,Right,198.12,96.702
Nick Collison,Right,205.74,115.77
Nick Fazekas,Right,210.82,106.69
Nick Johnson,Right,190.5,91.708
Nick Van Exel,Left,185.42,77.18
Nick Young,Right,198.12,90.8
Nicolas Batum,Right,203.2,90.8
Nik Stauskas,Right,198.12,93.07
Nikola Jokic,Right,208.28,113.5
Nikola Mirotic,Right,208.28,99.88
Nikola Pekovic,Right,210.82,129.39
Nikola Vucevic,Right,213.36,118.04
Nikoloz Tskitishvili,Right,213.36,102.15
Noah Vonleh,Right,208.28,108.96
Noel Felix,Right,205.74,102.15
Nolan Smith,Right,187.96,83.99
Norm Richardson,Right,195.58,86.26
Norman Powell,Right,193.04,97.61
Norris Cole,Right,187.96,77.18
O.J. Mayo,Right,195.58,95.34
Obinna Ekezie,Right,205.74,122.58
Ognjen Kuzmic,Right,215.9,113.954
Olden Polynice,Right,210.82,99.88
Oleksiy Pecherov,Right,213.36,106.236
Oliver Lafayette,Right,187.96,86.26
Oliver Miller,Right,205.74,127.12
Olumide Oyedeji,Right,208.28,108.96
Omar Cook,Right,185.42,86.26
Omer Asik,Right,213.36,115.77
Omri Casspi,Right,205.74,102.15
Orien Greene,Right,193.04,94.432
Orlando Johnson,Right,195.58,99.88
Oscar Torres,Right,198.12,95.34
Othella Harrington,Left,205.74,106.69
Othello Hunter,Right,203.2,102.15
Othyus Jeffers,Right,195.58,90.8
Otis Thorpe,Right,205.74,102.15
Otto Porter,Right,205.74,89.892
P.J. Brown,Right,210.82,102.15
P.J. Hairston,Right,198.12,104.42
P.J. Tucker,Right,195.58,102.15
Pablo Prigioni,Right,190.5,81.72
Pape Sow,Right,208.28,113.5
Pape Sy,Right,200.66,102.15
Pat Burke,Left,210.82,113.5
Pat Connaughton,Right,195.58,93.524
Pat Garrity,Right,205.74,108.052
Patrick Beverley,Right,185.42,81.72
Patrick Christopher,Right,195.58,94.886
Patrick Ewing,Right,203.2,106.69
Patrick Ewing,Right,203.2,106.69
Patrick O'Bryant,Right,213.36,118.04
Patrick Patterson,Right,205.74,106.69
Pau Gasol,Right,213.36,103.058
Paul Davis,Right,210.82,122.58
Paul George,Right,205.74,99.88
Paul Grant,Right,213.36,111.23
Paul McPherson,Right,193.04,95.34
Paul Millsap,Right,203.2,111.23
Paul Pierce,Right,200.66,106.69
Paul Shirley,Right,208.28,104.42
Pavel Podkolzin,Right,226.06,118.04
Peja Stojakovic,Right,205.74,99.88
Pepe Sanchez,Left,193.04,88.53
Pero Antic,Right,210.82,118.04
Perry Jones,Right,210.82,106.69
Pervis Ellison,Right,205.74,95.34
Pete Chilcutt,Right,208.28,104.42
Peter John Ramos,Right,220.98,124.85
Peyton Siva,Right,182.88,83.99
Phil Pressey,Right,180.34,79.45
Popeye Jones,Right,203.2,113.5
Pops Mensah-Bonsu,Right,205.74,108.96
Predrag Drobnjak,Right,210.82,122.58
Predrag Savovic,Right,198.12,102.15
Primoz Brezec,Right,218.44,114.408
Quentin Richardson,Right,198.12,101.242
Quincy Acy,Right,200.66,105.782
Quincy Douby,Right,190.5,79.45
Quincy Lewis,Right,200.66,97.61
Quincy Miller,Right,205.74,95.34
Quincy Pondexter,Right,198.12,102.15
Quinton Ross,Right,198.12,88.53
Qyntel Woods,Right,203.2,100.334
R.J. Hunter,Right,195.58,83.99
Raef LaFrentz,Left,210.82,108.96
Rafael Araujo,Right,210.82,127.12
Rafer Alston,Right,187.96,77.634
Raja Bell,Right,195.58,92.616
Rajon Rondo,Right,185.42,77.634
Ramon Sessions,Right,190.5,86.26
Randell Jackson,Right,210.82,97.61
Randolph Morris,Right,208.28,120.764
Randy Brown,Right,187.96,86.26
Randy Foye,Right,193.04,95.34
Randy Holcomb,Left,205.74,102.15
Randy Livingston,Right,193.04,94.886
Rashad McCants,Right,193.04,93.978
Rashad Vaughn,Right,198.12,91.708
Rashard Lewis,Right,208.28,97.61
Rasheed Wallace,Right,208.28,102.15
Rasho Nesterovic,Right,213.36,112.592
Rasual Butler,Right,200.66,93.07
Ratko Varda,Right,215.9,118.04
Raul Lopez,Right,185.42,77.18
Raul Neto,Right,185.42,81.266
Rawle Marshall,Right,205.74,86.26
Ray Allen,Right,195.58,93.07
Ray McCallum,Right,190.5,86.26
Raymond Felton,Right,185.42,89.892
Reece Gaines,Right,198.12,93.07
Reggie Bullock,Right,200.66,93.07
Reggie Evans,Right,203.2,111.23
Reggie Jackson,Right,190.5,94.432
Reggie Jordan,Left,193.04,88.53
Reggie Miller,Right,200.66,83.99
Reggie Slater,Right,200.66,97.61
Reggie Williams,Right,198.12,95.34
Reggie Williams,Left,198.12,95.34
Renaldo Balkman,Right,203.2,94.432
Renaldo Major,Right,200.66,90.8
Rex Chapman,Right,193.04,83.99
Rex Walters,Left,193.04,86.26
Richard Hamilton,Right,198.12,83.99
Richard Jefferson,Right,200.66,100.788
Richaun Holmes,Right,208.28,111.23
Richie Frahm,Right,195.58,95.34
Rick Brunson,Left,193.04,86.26
Rick Fox,Right,200.66,104.42
Rick Hughes,Right,205.74,106.69
Ricky Davis,Right,198.12,88.53
Ricky Ledo,Right,200.66,88.53
Ricky Rubio,Right,193.04,81.72
Rik Smits,Right,223.52,113.5
Rob Kurz,Right,205.74,105.328
Robbie Hummel,Right,203.2,97.61
Robert Archibald,Right,210.82,113.5
Robert Covington,Right,205.74,97.61
Robert Hite,Left,187.96,83.536
Robert Horry,Right,205.74,99.88
Robert Pack,Right,187.96,81.72
Robert Sacre,Right,213.36,119.402
Robert Swift,Right,213.36,111.23
Robert Traylor,Right,203.2,128.936
Robert Whaley,Right,208.28,118.04
Robin Lopez,Right,213.36,115.77
Rod Strickland,Right,190.5,79.45
Rodney Buford,Right,195.58,85.806
Rodney Carney,Right,200.66,93.07
Rodney Hood,Left,203.2,93.524
Rodney Rogers,Left,200.66,106.69
Rodney Stuckey,Right,195.58,93.07
Rodney White,Right,205.74,108.052
Rodrick Rhodes,Right,198.12,102.15
Rodrigue Beaubois,Right,182.88,77.18
Roger Mason,Right,195.58,90.8
Roger Powell,Right,198.12,106.69
Roko Ukic,Right,195.58,83.082
Ron Harper,Right,198.12,83.99
Ron Mercer,Right,200.66,95.34
Ronald Dupree,Right,200.66,94.886
Ronald Murray,Right,193.04,86.26
Rondae Hollis-Jefferson,Left,200.66,99.88
Ronnie Brewer,Right,200.66,99.88
Ronnie Price,Right,187.96,86.26
Ronny Turiaf,Right,208.28,113.046
Roshown McLeod,Right,203.2,100.334
Roy Hibbert,Right,218.44,126.212
Roy Rogers,Right,208.28,106.69
Royal Ivey,Right,190.5,90.8
Royce White,Right,203.2,122.58
Ruben Boumtje-Boumtje,Right,213.36,116.678
Ruben Garces,Right,205.74,111.23
Ruben Patterson,Right,195.58,101.696
Ruben Wolkowyski,Right,208.28,122.58
Rudy Fernandez,Right,198.12,83.99
Rudy Gay,Right,203.2,104.42
Rudy Gobert,Right,215.9,99.88
Russ Smith,Right,182.88,74.91
Russell Westbrook,Right,190.5,84.898
Rusty LaRue,Right,187.96,95.34
Ryan Anderson,Right,208.28,108.96
Ryan Bowen,Right,200.66,97.61
Ryan Gomes,Right,200.66,113.5
Ryan Hollins,Right,213.36,104.42
Ryan Humphrey,Right,203.2,106.69
Ryan Kelly,Right,210.82,104.42
Ryan Reid,Right,203.2,105.328
Ryan Robertson,Right,195.58,86.26
Ryan Stack,Right,210.82,97.61
Salah Mejri,Right,215.9,111.23
Salim Stoudamire,Left,185.42,81.266
Sam Cassell,Right,190.5,83.99
Sam Dekker,Right,205.74,104.42
Sam Jacobson,Right,193.04,97.61
Sam Mack,Right,200.66,99.88
Sam Mitchell,Right,198.12,95.34
Sam Perkins,Left,205.74,106.69
Sam Young,Right,198.12,99.88
Samaki Walker,Right,205.74,108.96
Samardo Samuels,Right,205.74,118.04
Samuel Dalembert,Right,210.82,113.5
Sarunas Jasikevicius,Right,193.04,88.53
Sasha Kaun,Right,210.82,118.04
Sasha Pavlovic,Right,203.2,99.88
Sasha Vujacic,Right,200.66,87.622
Scot Pollard,Right,210.82,120.31
Scott Burrell,Right,200.66,98.972
Scott Machado,Right,185.42,93.07
Scott Padgett,Right,205.74,108.96
Scott Williams,Right,208.28,104.42
Scottie Pippen,Right,203.2,95.34
Scotty Hopson,Right,200.66,92.616
Sean Colson,Right,182.88,79.45
Sean Elliott,Right,203.2,93.07
Sean Kilpatrick,Right,193.04,95.34
Sean Lampley,Right,200.66,103.058
Sean Marks,Right,208.28,113.5
Sean May,Right,205.74,120.764
Sean Rooks,Right,208.28,113.5
Sean Singletary,Right,182.88,83.99
Sean Williams,Right,208.28,106.69
Sebastian Telfair,Right,182.88,74.91
Semih Erden,Right,213.36,108.96
Serge Ibaka,Right,208.28,99.88
Sergei Monia,Right,203.2,99.88
Sergey Karasev,Left,200.66,92.162
Sergio Rodriguez,Right,190.5,76.272
Seth Curry,Right,187.96,83.99
Shabazz Muhammad,Left,198.12,102.15
Shabazz Napier,Right,185.42,79.45
Shammond Williams,Right,185.42,91.254
Shandon Anderson,Right,198.12,94.432
Shane Battier,Right,203.2,99.88
Shane Edwards,Right,200.66,99.88
Shane Heal,Right,182.88,81.72
Shane Larkin,Right,180.34,79.904
Shannon Brown,Right,193.04,93.07
Shaquille O'Neal,Right,215.9,147.55
Shareef Abdur-Rahim,Right,205.74,102.15
Sharrod Ford,Right,205.74,102.15
Shaun Livingston,Right,200.66,82.628
Shavlik Randolph,Right,208.28,108.96
Shawn Bradley,Right,228.6,106.69
Shawn Kemp,Right,208.28,104.42
Shawn Marion,Right,200.66,99.88
Shawne Williams,Right,205.74,102.15
Shawnelle Scott,Right,208.28,113.5
Shayne Whittington,Right,210.82,113.5
Shelden Williams,Right,205.74,113.5
Shelvin Mack,Right,190.5,97.61
Sherman Douglas,Right,182.88,81.72
Sherron Collins,Right,180.34,93.07
Sim Bhullar,Right,226.06,163.44
Slavko Vranes,Right,226.06,124.85
Smush Parker,Right,193.04,86.26
Solomon Alabi,Right,215.9,113.954
Solomon Hill,Right,200.66,99.88
Solomon Jones,Right,208.28,104.42
Sonny Weems,Right,198.12,92.162
Soumaila Samake,Right,213.36,104.42
Speedy Claxton,Right,180.34,75.364
Spencer Dinwiddie,Right,198.12,90.8
Spencer Hawes,Right,213.36,111.23
Stacey Augmon,Left,198.12,93.07
Stanislav Medvedenko,Right,208.28,113.5
Stanley Johnson,Right,200.66,111.23
Stanley Roberts,Right,213.36,129.39
Stephane Lasme,Right,203.2,97.61
Stephen Curry,Right,190.5,83.99
Stephen Graham,Right,198.12,97.61
Stephen Jackson,Right,203.2,98.972
Stephon Marbury,Right,187.96,81.72
Steve Blake,Right,190.5,78.088
Steve Francis,Right,190.5,88.53
Steve Goodrich,Right,208.28,99.88
Steve Kerr,Right,190.5,79.45
Steve Nash,Right,190.5,88.53
Steve Novak,Right,208.28,99.88
Steve Smith,Right,200.66,90.8
Steven Adams,Right,213.36,113.5
Steven Hill,Left,213.36,112.592
Steven Hunter,Right,213.36,99.88
Steven Smith,Right,203.2,106.69
Stromile Swift,Right,205.74,102.15
Sun Yue,Left,205.74,93.07
Sundiata Gaines,Right,185.42,83.99
T.J. Ford,Right,182.88,74.91
T.J. McConnell,Right,187.96,90.8
T.J. Warren,Right,203.2,104.42
Taj Gibson,Right,205.74,102.15
Tamar Slay,Right,203.2,97.61
Tang Hamilton,Right,203.2,99.88
Tarence Kinsey,Right,198.12,83.99
Tarik Black,Right,205.74,113.5
Tariq Abdul-Wahad,Right,198.12,101.242
Taurean Green,Right,182.88,80.358
Taylor Griffin,Right,200.66,108.052
Tayshaun Prince,Left,205.74,97.61
Terence Morris,Right,205.74,100.334
Terrance Roberson,Right,200.66,97.61
Terrel Harris,Right,195.58,86.26
Terrell Brandon,Right,180.34,81.72
Terrence Jones,Left,205.74,114.408
Terrence Ross,Right,200.66,88.53
Terrence Williams,Right,198.12,99.88
Terry Cummings,Right,205.74,99.88
Terry Davis,Left,205.74,102.15
Terry Mills,Right,208.28,104.42
Terry Porter,Right,190.5,88.53
Terry Rozier,Right,187.96,86.26
Thabo Sefolosha,Right,195.58,97.61
Thaddeus Young,Left,203.2,99.88
Theo Ratliff,Right,208.28,102.15
Theron Smith,Right,203.2,102.15
Thomas Gardner,Right,195.58,102.15
Thomas Hamilton,Right,218.44,149.82
Thomas Robinson,Right,205.74,108.96
Tiago Splitter,Right,210.82,105.328
Tibor Pleiss,Right,220.98,116.224
Tierre Brown,Right,187.96,85.806
Tim Duncan,Right,210.82,112.592
Tim Frazier,Right,185.42,77.18
Tim Hardaway,Right,182.88,79.45
Tim James,Right,200.66,96.248
Tim Legler,Right,193.04,90.8
Tim Ohlbrecht,Right,210.82,115.77
Tim Thomas,Right,208.28,104.42
Tim Young,Right,213.36,99.88
Timofey Mozgov,Right,215.9,113.5
Tito Maddox,Right,193.04,86.26
Tobias Harris,Right,203.2,102.604
Toby Bailey,Right,198.12,96.702
Todd Day,Right,198.12,85.352
Todd Fuller,Left,210.82,115.77
Todd MacCulloch,Right,213.36,127.12
Tom Gugliotta,Right,208.28,108.96
Tom Hammonds,Right,205.74,97.61
Toney Douglas,Right,187.96,86.26
Toni Kukoc,Left,208.28,87.168
Tony Allen,Right,193.04,96.702
Tony Battie,Right,210.82,104.42
Tony Bobbitt,Right,193.04,86.26
Tony Delk,Right,185.42,85.806
Tony Farmer,Right,205.74,110.776
Tony Massenburg,Right,205.74,99.88
Tony Mitchell,Right,203.2,106.69
Tony Mitchell,Right,203.2,106.69
Tony Parker,Right,187.96,81.72
Tony Smith,Right,190.5,83.99
Tony Snell,Right,200.66,90.8
Tony Wroten,Left,198.12,93.07
Tornike Shengelia,Right,205.74,98.518
Torraye Braggs,Right,203.2,111.23
Toure' Murry,Right,195.58,88.53
Tracy McGrady,Right,203.2,95.34
Tracy Murray,Right,200.66,102.15
Trajan Langdon,Right,190.5,89.438
Travis Best,Left,180.34,82.628
Travis Diener,Right,185.42,79.45
Travis Hansen,Right,198.12,93.07
Travis Knight,Right,213.36,106.69
Travis Leslie,Right,193.04,93.07
Travis Outlaw,Right,205.74,95.34
Travis Wear,Right,208.28,104.42
Tremaine Fowlkes,Right,203.2,99.88
Trenton Hassell,Right,195.58,90.8
Trevor Ariza,Right,203.2,90.8
Trevor Booker,Left,200.66,108.96
Trey Burke,Right,185.42,83.99
Trey Gilder,Right,205.74,83.99
Trey Johnson,Right,195.58,98.972
Trey Lyles,Right,208.28,106.236
Trey Thompkins,Right,208.28,111.23
Tristan Thompson,Left Right,203.2,102.15
Troy Bell,Right,185.42,81.72
Troy Daniels,Right,193.04,90.8
Troy Hudson,Right,185.42,77.18
Troy Murphy,Left,210.82,111.23
Ty Lawson,Right,180.34,88.53
Tyler Ennis,Right,190.5,88.076
Tyler Hansbrough,Right,205.74,113.5
Tyler Honeycutt,Right,203.2,85.352
Tyler Johnson,Left,193.04,84.444
Tyler Zeller,Right,213.36,113.5
Tyreke Evans,Right,198.12,99.88
Tyrone Corbin,Right,198.12,95.34
Tyrone Hill,Right,205.74,108.96
Tyrone Nesby,Right,198.12,102.15
Tyronn Lue,Right,182.88,79.45
Tyrus Thomas,Right,205.74,97.61
Tyshawn Taylor,Right,190.5,83.99
Tyson Chandler,Right,215.9,106.69
Tyus Edney,Right,177.8,69.008
Udonis Haslem,Right,203.2,104.42
Uros Slokar,Left,208.28,108.052
Vander Blue,Right,193.04,90.8
Vassilis Spanoulis,Right,193.04,88.53
Vernon Macklin,Right,208.28,103.058
Vernon Maxwell,Right,193.04,81.72
Viacheslav Kravtsov,Right,213.36,118.04
Victor Alexander,Right,205.74,120.31
Victor Claver,Right,205.74,101.696
Victor Oladipo,Right,193.04,95.34
Viktor Khryapa,Right,205.74,95.34
Vin Baker,Right,210.82,105.328
Vince Carter,Right,198.12,97.61
Vincent Yarbrough,Right,200.66,95.34
Vinny Del Negro,Right,193.04,83.99
Vitaly Potapenko,Right,208.28,127.12
Vitor Faverani,Right,210.82,118.04
Vlade Divac,Right,215.9,110.322
Vladimir Radmanovic,Right,208.28,103.058
Vladimir Stepania,Right,213.36,107.144
Von Wafer,Right,195.58,95.34
Vonteego Cummings,Right,190.5,83.99
Voshon Lenard,Right,193.04,93.07
Walker Russell,Right,182.88,77.18
Walker Russell,Right,182.88,77.18
Wally Szczerbiak,Right,200.66,110.776
Walt Williams,Right,203.2,99.426
Walter Herrmann,Right,205.74,102.15
Walter McCarty,Right,208.28,104.42
Walter Sharpe,Right,205.74,111.23
Wang Zhizhi,Left,213.36,115.77
Wayne Ellington,Right,193.04,90.8
Wayne Simien,Right,205.74,115.77
Wayne Turner,Right,187.96,86.26
Wesley Johnson,Right,200.66,93.07
Wesley Matthews,Right,195.58,99.88
Wesley Person,Right,198.12,88.53
Will Barton,Right,198.12,78.996
Will Blalock,Right,182.88,93.07
Will Bynum,Right,182.88,83.99
Will Cherry,Right,182.88,83.99
Will Conroy,Right,187.96,88.53
Will Perdue,Right,213.36,108.96
Will Solomon,Right,185.42,83.99
William Avery,Right,187.96,89.438
Willie Cauley-Stein,Right,213.36,108.96
Willie Green,Right,193.04,90.8
Willie Warren,Right,193.04,92.162
Wilson Chandler,Right,203.2,99.88
Xavier Henry,Left,198.12,99.88
Xavier Silas,Right,195.58,93.07
Yakhouba Diawara,Right,200.66,102.15
Yao Ming,Right,228.6,140.74
Yaroslav Korolev,Right,205.74,92.162
Yi Jianlian,Right,213.36,108.052
Yuta Tabuse,Right,175.26,74.91
Zabian Dowdell,Right,190.5,86.714
Zach LaVine,Right,195.58,85.806
Zach Randolph,Left,205.74,114.862
Zan Tabak,Right,213.36,111.23
Zarko Cabarkapa,Right,210.82,106.69
Zaza Pachulia,Right,210.82,108.96
Zeljko Rebraca,Right,213.36,116.678
Zendon Hamilton,Left,210.82,113.5
Zoran Dragic,Left,195.58,90.8
Zoran Planinic,Right,200.66,88.53
Zydrunas Ilgauskas,Right,220.98,108.052
